file,function,score,rank
example.c,func1,0.5773502691896258,1
test1.c,main,0.4472135954999579,2
